﻿[
  {
    "Id": "A1",
    "Name": "權限管理",
    "Icon": "glyphicon glyphicon-user",
    "Child": [
      {
        "Id": "B1",
        "Name": "帳號管理",
        "Role": "Manager",
        "Uri": "~/Manager/Index"
      }
    ]
  },
  {
    "Id": "A2",
    "Name": "系統功能",
    "Icon": "glyphicon glyphicon-th-list",
    "Child": [
      {
        "Id": "B2",
        "Name": "資料列表",
        "Role": "RawData",
        "Uri": "~/RawData/Index"
      },
      {
        "Id": "B3",
        "Name": "總成維護",
        "Role": "Assembly",
        "Uri": "~/Assembly/Index"
      },
      {
        "Id": "B4",
        "Name": "感測器定義",
        "Role": "SensorDefinition",
        "Uri": "~/SensorDefinition/Index"
      },
      {
        "Id": "B5",
        "Name": "即時監測",
        "Role": "Monitoring",
        "Uri": "~/Monitoring/Index"
      },
      {
        "Id": "B6",
        "Name": "歷史資料",
        "Role": "History",
        "Uri": "~/History/Index"
      },
      {
        "Id": "B7",
        "Name": "Dashboard",
        "Role": "Dashboard",
        "Uri": "~/Dashboard/Index"
      }
    ]
  },
  {
    "Id": "A3",
    "Name": "系統文件",
    "Icon": "glyphicon glyphicon-book",
    "Child": [
      {
        "Id": "B7",
        "Name": "API介接文件",
        "Role": "Document",
        "Uri": "~/Document/Index"
      }
    ]
  }
]
